,Unnamed: 0,singkatan,kata asal
0,,aamiin,amin
1,,adek,adik 
2,,adlh,adalah
3,,ad,ada 
4,,aer,air 
5,,aiskrim,es krim 
6,,aj,saja 
7,,aja,saja 
8,,ajah,saja 
9,,ajalah,saja 
10,,aje,saja 
11,,ajh,saja 
13,,ajj,saja
14,,aku,saya
15,,ak,saya 
16,,akoh,saya
17,,akutu,saya
18,,aq,saya
19,,alesan,alasan 
20,,ama,sama 
21,,amaca,ah masa
22,,amuh,kamu
23,,ancur,hancur 
24,,ane,saya 
25,,anget,hangat 
26,,anjeng,anjing 
27,,ank,anak 
28,,apah,apa 
29,,aph,apa
30,,apo,apa 
31,,apose,apa
32,,apz,apa
33,,artine,artinya 
34,,asek,asik 
35,,ati2,hati-hati 
36,,atit,sakit 
37,,atu,satu 
38,,atw,atau 
39,,ayang,sayang 
40,,ayuk,ayo 
41,,babang,abang
42,,bae,baik 
43,,bais,habis
44,,bakalan,akan 
45,,bales,balas 
46,,bandingin,bandingkan 
47,,banget,sekali 
48,,bangett,sangat 
49,,banyakin,perbanyak 
50,,barengan,bersamaan 
51,,baryaw,sabar ya
52,,baso,bakso 
53,,bay,selamat tinggal
54,,bbrp,beberapa 
55,,bc,baca 
56,,bcs,bisa 
57,,bct,bicara 
58,,bdan,badan 
59,,bdg,bandung 
60,,bdn,badan 
61,,becanda,bercanda 
62,,bedua,berdua 
63,,bego,bodoh 
64,,bekel,bekal 
65,,belom,belum 
66,,belon,belum 
67,,bener,benar 
68,,bener2,benar-benar 
69,,beneran,benar 
70,,berantem,bertengkar 
71,,berenti,berhenti 
72,,besoq,besok
73,,bete,sebal 
74,,beud,banget
75,,bg,bagi 
76,,bgd,sangat 
77,,bget,sangat 
78,,bgini,begini 
79,,bgitu,begitu 
80,,bgks,bungkus 
81,,bgm,bagaimana 
82,,bgmn,bagaimana 
83,,bgn,bangun 
84,,bgni,begini 
85,,bgntdr,bangun tidur 
86,,bgs,bagus 
87,,bgt,sangat 
88,,bgtu,begitu 
89,,bgus,bagus 
90,,bhay,selamat tinggal
91,,bhn,bahan 
92,,bhs,bahas 
93,,bhw,bahwa 
94,,bhy,bahaya 
95,,bisaa,bisa 
96,,bisya,bisa
97,,biza,bisa
98,,bj,baju 
99,,bju,baju 
100,,bk,buku 
101,,bkan,bukan 
102,,bkin,bikin 
103,,bkl,bakal 
104,,bkn,bukan 
105,,bkr,bakar 
106,,bks,bungkus 
107,,bl,beli 
108,,blajar,belajar 
109,,blg,bilang 
110,,blh,boleh 
111,,bli,beli 
112,,blik,balik 
113,,bljr,belajar 
114,,blk,balik 
115,,blkg,belakang 
116,,blkng,belakang 
117,,blkngny,belakangnya 
118,,blm,belum 
119,,bln,bulan 
120,,blng,bilang 
121,,blngn,bilang 
122,,blom,belum 
123,,bls,balas 
124,,blum,belum 
125,,bndg,bandung 
126,,bndr,bandar 
127,,bner,benar 
128,,bneran,benar 
129,,bnget,sangat 
130,,bngks,bungkus 
131,,bngng,bingung 
132,,bngt,sangat 
133,,bngun,bangun 
134,,bnr,benar 
135,,bnrbnr,benar-benar 
136,,bnrn,benar 
137,,bntar,sebentar 
138,,bntr,sebentar 
140,,bnyak,banyak 
141,,bnyk,banyak 
142,,bnykny,banyaknya 
143,,bobo,tidur 
144,,bobok,tidur 
145,,bokap,ayah 
146,,bole,boleh 
147,,boong,bohong 
148,,bosen,bosan 
149,,bpk,bapak 
150,,brani,berani 
151,,brapa,berapa 
152,,brarti,berarti 
153,,brasa,berasa 
154,,brg,barang 
155,,brgkt,berangkat 
156,,brhsl,berhasil 
157,,brjln,berjalan 
158,,brkfst,breakfast 
159,,brmslh,bermasalah 
160,,brngkt,berangkat 
161,,brp,berapa 
162,,brpa,berapa 
163,,brrti,berarti 
164,,brs,beres 
165,,brshbt,bersahabat 
166,,brsm,bersama 
167,,brthn,bertahan 
168,,brtmn,berteman 
169,,bru,baru 
170,,bs,bisa 
172,,bsa,bisa 
174,,bsk,besok 
176,,bsok,besok 
177,,bsoq,besok
178,,bsr,besar 
179,,btg,batang 
180,,bth,butuh 
181,,btl,betul 
182,,btul,betul 
183,,buad,buat 
184,,buatin,buatkan 
185,,bucin,budak cinta
186,,bulcit,omong kosong
187,,bw,bawa 
188,,bwa,bawa 
189,,bwh,bawah 
190,,bwt,buat 
191,,byk,banyak 
192,,bynk,banyak 
193,,byr,bayar 
194,,cabal,sabar 
195,,cabut,pergi
196,,caiank,sayang
197,,cakep,cakap 
198,,cape,capai 
199,,capek,capai 
200,,catet,catat 
201,,cb,coba 
202,,cekola,sekolah
203,,cekolah,sekolah
204,,celalaw,selalu
205,,celalu,selalu
206,,cemungudh,semangat
207,,cemungut,semangat
208,,cemunguth,semangat
209,,cepet,cepat 
210,,cewe,cewek 
211,,cibuq,sibuk
212,,cini,sini
213,,ciyus,serius
214,,ckp,cukup 
215,,ckrg,sekarang 
216,,ckup,cukup 
217,,cll,selalu
218,,cllu,selalu
219,,cllw,selalu
220,,cm,cuma 
221,,cma,cuma 
222,,cman,hanya 
223,,cmn,hanya 
224,,cmpk,cempaka 
225,,cobaa,coba 
226,,coeg,jancuk 
227,,cowo,cowok 
228,,cpat,cepat 
229,,cpe,capek
230,,cpee,capek
231,,cpet,cepat 
232,,cpt,cepat 
233,,cptn,cepatan 
234,,crt,cerita 
235,,cth,contoh 
236,,cug,jancuk 
237,,cuk,jancuk 
238,,cuman,hanya
239,,cungguh,sungguh 
240,,cw,cewek 
241,,cwe,cewek 
242,,cwo,cowok 
243,,cyang,sayang 
244,,dah,sudah 
246,,dalem,dalam 
247,,dapa,ada apa
248,,dapah,ada apa
249,,dapet,dapat 
250,,dapetin,mendapatkan 
251,,dateng,datang 
252,,dberkahi,diberkahi 
253,,dblg,dibilang 
254,,dblkng,dibelakang 
255,,dbls,dibalas 
256,,dbwt,dibuat 
257,,dbyr,dibayar 
258,,de,deh 
259,,demen,suka 
260,,denger,dengar 
261,,deres,deras 
262,,dftr,daftar 
264,,dg,dengan 
265,,dgn,dengan 
266,,dgr,dengar 
267,,dgrn,dengarin 
268,,dh,deh 
270,,didenger,didengar 
271,,didengerin,didengarkan 
272,,diem,diam 
273,,dijadiin,dijadikan 
274,,dikit,sedikit 
275,,dimance,dimana
276,,dimandose,dimana
277,,dimans,dimana
278,,dipake,dipakai 
279,,dipendem,dipendam 
280,,dirmh,di rumah 
281,,ditemenin,ditemani 
282,,djkt,di jakarta 
283,,djl,di jalan 
284,,djln,di jalan 
285,,dkat,dekat 
286,,dket,dekat 
287,,dkls,di kelas 
288,,dkmps,di kampus 
289,,dkmr,di kamar 
290,,dkntr,di kantor 
291,,dksh,dikasih 
292,,dkt,dekat 
293,,dl,dulu 
294,,dll,dan lain
295,,dlm,dalam 
296,,dlrng,dilarang 
297,,dlu,dulu 
298,,dluan,duluan 
299,,dmana,dimana 
300,,dmkn,dimakan 
301,,dmn,dimana 
302,,dmna,dimana 
303,,dmnmn,dimana-mana 
304,,dmny,dimananya 
305,,dng,dengan 
306,,dngar,dengar 
307,,dnger,dengar 
308,,dngerin,dengar 
309,,dngn,dengan 
310,,dngr,dengar 
311,,doang,saja 
312,,doank,saja 
313,,donlot,download 
314,,doyan,suka 
315,,dpan,depan 
316,,dpet,dapat 
317,,dpk,depok 
318,,dpkrkn,dipikirkan 
319,,dpn,depan 
320,,dpnrmh,depan rumah 
321,,dpt,dapat 
322,,dr,dari 
323,,drg,dokter gigi 
324,,drh,darah 
325,,dri,dari 
326,,drmh,di rumah 
327,,drmn,darimana 
328,,drpd,daripada 
329,,drtd,dari tadi
330,,drumah,di rumah
331,,dsb,dan sebagainya
332,,dsblh,di sebelah
333,,dsini,disini 
334,,dsklh,di sekolah
335,,dsni,di sini
336,,dst,dan seterusnya
337,,dtg,datang 
338,,dtgny,datangnya 
339,,dtmbh,ditambah 
340,,dtmpt,di tempat
341,,dtng,datang 
342,,duluw,dulu
343,,dy,dia 
344,,ea,ya
345,,eeq,feses 
346,,elo,kamu 
347,,emang,memang 
348,,emangnya,memangnya 
349,,emank,memang 
350,,emg,memang 
352,,emng,memang 
353,,engga,tidak 
354,,enggak,tidak 
355,,enk,enak 
356,,entar,nanti 
357,,ente,anda 
358,,eps,episode 
359,,eteb,bosan
360,,eug,saya
361,,faham,paham 
362,,fb,facebook 
363,,fav,favorit
364,,fave,favorit
365,,g,tidak
366,,ga,tidak 
368,,gaada,tidak ada
369,,gabisa,tidak bisa
370,,gaboleh,tidak boleh
371,,gabut,menganggur
372,,gada,tidak ada
373,,gaenak,tidak enak
374,,gajadi,tidak jadi
375,,gajelas,tidak jelas
376,,gak,tidak 
378,,gakuat,tidak kuat
379,,gakz,tidak
380,,galo,galau 
381,,gamasuk,tidak masuk
382,,gamau,tidak mau
383,,gapake,tidak pakai
384,,gapapa,tidak apa-apa
385,,gapernah,tidak pernah
386,,gapunya,tidak punya
387,,garem,garam 
388,,gasuka,tidak suka
389,,gatau,tidak tahu
390,,gataw,tidak tahu
391,,gatel,gatal 
392,,gausah,tidak usah
393,,gawe,kerja 
394,,gblk,goblok
395,,gbr,gambar 
396,,gdg,gudang 
397,,gembel,jelek 
398,,gengges,ganggu
399,,ghiy,lagi
400,,gi,lagi
401,,gilak,gila 
402,,gile,gila 
403,,gitu,begitu 
404,,gituan,begitu 
405,,gituh,begitu 
406,,gituin,itu 
407,,gk,tidak 
410,,gmana,bagaimana 
411,,gmbr,gambar 
412,,gmn,bagaimana 
413,,gmna,bagaimana 
414,,gmpg,gampang 
415,,gmpng,gampang 
416,,gni,begini 
417,,gnti,ganti 
418,,gpny,tidak punya
419,,gpp,tidak apa-apa
421,,gprnh,tidak pernah
422,,gr2,gara-gara 
423,,gratisan,gratis 
424,,gt,begitu 
425,,gtu,begitu 
426,,gtw,tidak tahu
427,,gua,saya 
428,,gue,saya 
430,,gw,saya 
432,,gws,get well soon
433,,gx,tidak
434,,hadeh,aduh 
435,,hapal,hafal
436,,haqq,hakiki 
437,,hargain,hargai 
438,,harini,hari ini
439,,hbd,happy birthday
440,,hbis,habis 
441,,hbng,hubungi 
442,,hbs,habis 
443,,hbskn,habiskan 
444,,helo,halo 
445,,heters,pembenci 
446,,hlg,hilang 
447,,hlm,halaman 
448,,hlmn,halaman 
449,,hny,hanya 
450,,hnya,hanya
451,,hqq,hakiki 
452,,hr,hari 
453,,hrg,harga 
454,,hrgny,harganya 
455,,hri,hari 
456,,hrs,harus 
457,,hrsny,harusnya 
458,,hrus,harus 
459,,hti,hati 
460,,hums,rumah
461,,humz,rumah
462,,huum,iya
463,,idiiot,idiot 
464,,idup,hidup
465,,ily,saya cinta kamu 
466,,inget,ingat 
467,,ingetin,ingatkan 
468,,ingt,ingat 
469,,istrht,istirahat 
470,,item,hitam 
471,,itumah,itu 
472,,ituu,itu 
473,,iy,iya 
475,,iyach,iya
476,,iyain,mengiyakan 
477,,iyap,iya
478,,iyapz,iya
479,,iyoo,iya 
480,,iyup,iya
481,,iyupz,iya
482,,jadiin,jadi 
483,,jadull,jadul 
484,,jamber,jam berapa
485,,jancoeg,jancuk 
486,,jatoh,jatuh 
487,,jawabanya,jawabannya 
488,,jd,jadi 
490,,jdi,jadi 
492,,jdny,jadinya 
493,,jdnya,jadinya 
494,,jdwl,jadwal 
495,,jem,jam 
496,,jg,juga 
498,,jga,juga 
500,,jgan,jangan 
501,,jglh,jagalah 
502,,jgn,jangan 
504,,jgnjgn,jangan-jangan 
505,,jing,anjing 
506,,jink,anjing 
507,,jk,jika 
508,,jkrt,jakarta 
509,,jkt,jakarta 
510,,jl,jalan 
511,,jln,jalan 
512,,jm,jam 
513,,jmbtn,jembatan 
514,,jml,jumlah 
515,,jmlh,jumlah 
516,,jmpt,jemput 
517,,jmt,jumat 
518,,jng,jangan 
519,,jngan,jangan 
521,,jngn,jangan 
523,,jpn,jepang 
524,,jrg,jarang 
525,,jrng,jarang 
526,,jwb,jawab 
527,,jwbn,jawaban 
528,,jwbny,jawabannya 
529,,kacian,kasihan
530,,kagak,tidak 
531,,kaka,kakak
532,,kalee,kali 
533,,kaleyan,kalian
534,,kalo,kalau 
535,,kalu,kalau
536,,kamsud,maksud 
537,,kaos/mug/jaket, 
538,,karna,karena 
539,,karoke,karaoke 
540,,kasian,kasihan 
541,,kau,kamu 
543,,kayak,mirip 
544,,kayanya,kayaknya 
545,,kbnykn,kebanyakan 
546,,kbr,kabar 
547,,kbtln,kebetulan 
548,,kbykn,kebanyakan 
549,,kdg,kadang 
550,,kdng,kadang 
551,,kdpn,ke depan
552,,kebawa,terbawa 
553,,kecakepan,kecakapan 
554,,keknya,sepertinya 
555,,kelaperan,kelaparan 
556,,kelar,selesai 
557,,keles,kali
558,,keliatan,kelihatan 
559,,kemaren,kemarin 
560,,kenapah,kenapa
561,,kenape,kenapa 
562,,kenaps,kenapa
563,,kenapz,kenapa
564,,kenceng,kencang 
565,,kepengen,ingin 
566,,kepngn,ingin 
567,,kepo,ingin tahu
568,,kerikil,kerikil 
569,,kesampean,kesampaian 
570,,kesel,kesal 
571,,kesian,kasihan 
572,,ketawa,tertawa 
573,,keujanan,kehujanan 
574,,keyen,keren
575,,kga,tidak 
576,,kgak,tidak 
577,,kgk,tidak 
578,,khabar,kabar 
579,,khan,kan 
581,,khanz,kan
582,,khsny,khususnya 
583,,khwtr,khawatir 
584,,kirimin,kirimkan 
585,,kite,kita 
586,,kk,kakak 
588,,kl,kalau 
589,,klau,kalau 
590,,klh,kalah 
591,,kli,kali 
592,,klmpk,kelompok 
593,,klo,kalau 
595,,klp,kelompok 
596,,kls,kelas 
597,,klu,kalau 
598,,kluar,keluar 
599,,klw,kalau 
601,,km,kamu 
603,,kmaren,kemarin 
604,,kmi,kami 
605,,kmn,kemana 
606,,kmna,kemana 
607,,kmpret,kampret 
608,,kmps,kamus 
609,,kmr,kamar 
610,,kmren,kemarin 
611,,kmrin,kemarin 
612,,kmrn,kemarin 
614,,kmu,kamu 
616,,kn,kan 
617,,kna,kena 
618,,knapa,kenapa 
619,,kngen,kangen 
620,,knl,kenal 
621,,knp,kenapa 
623,,knpa,kenapa 
624,,kntr,kantor 
625,,knyng,kenyang 
626,,konsen,konsentrasi 
627,,koq,kok 
629,,kosan,kost 
630,,kowe,kamu 
631,,kpala,kepala 
632,,kpan,kapan 
634,,kpd,kepada 
635,,kpgn,ingin 
636,,kpn,kapan 
638,,kpngn,ingin 
639,,krg,kurang 
640,,krikil,kerikil 
641,,krja,kerja 
642,,krmh,ke rumah
643,,krn,karena 
644,,krna,karena 
645,,krng,kurang 
646,,krupuk,kerupuk 
647,,ksh,kasih 
648,,ksian,kasihan 
649,,ksih,kasih 
650,,ksmptn,kesempatan 
651,,ksn,kesana 
652,,kt,kita 
653,,kta,kita 
654,,ktdrn,ketiduran 
655,,ktemu,ketemu 
656,,ktmpt,ke tempat
657,,ktmu,ketemu 
658,,ktny,katanya 
659,,ktnya,katanya 
660,,ktr,kantor 
661,,kuq,kok
662,,kuy,ayo
663,,kw,kamu
664,,kyak,seperti 
665,,kyaknya,sepertinya 
666,,kyanya,sepertinya 
667,,kyk,seperti 
669,,kykny,sepertinya 
670,,kyknya,sepertinya 
671,,kyny,sepertinya 
672,,kzl,kesal 
674,,laen,lain 
675,,laff,cinta
676,,lagian,lagi 
677,,lam,salam
678,,laper,lapar 
679,,lb,lembar 
680,,lbh,lebih 
681,,lbih,lebih 
682,,leh,boleh
683,,lelaahh,lelah 
684,,lemes,lemas 
685,,lg,lagi 
686,,lgi,lagi 
687,,lgkp,lengkap 
688,,lgs,langsung 
689,,lgsg,langsung 
690,,lgsng,langsung 
691,,lgsung,langsung 
692,,liatin,lihat 
693,,lm,lama 
694,,lmyn,lumayan 
695,,lngkp,lengkap 
696,,lngsg,langsung 
697,,lngsng,langsung 
698,,lngsung,langsung 
699,,lnjt,lanjut 
700,,lnsg,langsung 
701,,lnsng,langsung 
702,,lo,kamu 
704,,loe,kamu 
706,,lom,belum
707,,lov,cinta
708,,love,cinta
709,,low,kalau
710,,lp,lupa
711,,lpngn,lapangan 
712,,lpr,lapar 
713,,lsg,langsung 
714,,lu,kamu 
716,,luchu,lucu
717,,lum,belum
718,,lun,belum
719,,luthu,lucu
720,,luv,cinta
721,,lvl,level 
722,,lw,kamu
723,,lwt,lewat 
724,,maaci,terima kasih
725,,maacih,terima kasih
726,,maap,maaf
727,,maen,main 
728,,mager,malas bergerak
729,,makaci,terima kasih
730,,makana,karena itu
731,,makasi,terima kasih
732,,makasihhh,terima kasih
733,,make,pakai 
734,,makn,makan 
735,,malem,malam 
736,,malem2,malam-malam 
737,,malming,malam minggu
738,,mamah,mama 
739,,mamam,makan 
740,,mampet,mampat 
741,,mane,mana 
742,,maneh,mana 
743,,manggil,panggil 
744,,mano,mana 
745,,mantep,mantap 
746,,masakin,masakan 
747,,mateng,matang 
748,,maw,mau
749,,mcm,macam 
750,,mct,macet 
751,,mdg,lebih baik
752,,mdgn,baikan 
753,,mdh,mudah 
754,,mdpt,mendapat 
755,,melulu,selalu 
756,,mendingan,lebih baik
757,,menyempurnakan, 
758,,merhatiin,memperhatikan 
759,,mesen,pesan 
760,,mgkn,mungkin 
761,,mhs,mahasiswa 
762,,mhsw,mahasiswa 
763,,miapa,demi apa
764,,miapah,demi apa
765,,mikirin,memikirkan 
766,,milih,pilih 
767,,minjem,pinjam 
768,,misal'a,misalnya
769,,mk,maka 
770,,mka,maka 
771,,mkan,makan 
772,,mkanan,makanan 
773,,mkanya,makanya 
774,,mkn,makan 
775,,mknan,makanan 
776,,mkny,maka itu
777,,mksd,maksud 
778,,mksdny,maksudnya 
779,,mksdnya,maksudnya 
780,,mksdq,maksudku 
781,,mksh,terima kasih
782,,mksih,terima kasih
783,,mlah,malah 
784,,mlm,malam 
785,,mls,malas 
786,,mmg,memang 
787,,mn,mana 
788,,mna,mana 
789,,mndg,lebih baik
790,,mndgn,lebih baik
791,,mndgr,mendengar 
792,,mndi,mandi 
793,,mnding,lebih baik
794,,mndptkn,mendapatkan 
795,,mng,menang 
796,,mnrt,menurut 
797,,mnsempurnakan, 
798,,mnt,minta 
799,,mnta,minta 
800,,mntp,mantap 
801,,mnum,minum 
802,,mnyakitiku,menyakitiku 
803,,mnyngkn,menyenangkan 
804,,mo,mau 
805,,moga,semoga 
806,,mosok,masa 
807,,mreka,mereka 
808,,mrh,marah 
809,,mrk,mereka 
810,,ms,mas 
811,,msg,masing 
812,,msh,masih 
813,,msih,masih 
814,,msk,masuk 
815,,mski,meski 
816,,mskipun,meskipun 
817,,mskn,masakan 
818,,msl,misal 
819,,mslh,masalah 
820,,msti,harus 
821,,muke,muka 
822,,mulu,terus 
823,,musti,harus 
824,,muup,maaf
825,,mu'uv,maaf
826,,mw,mau 
828,,mz,mas 
829,,nabung,tabung 
830,,naek,naik 
831,,nahan,tahan 
832,,nak,anak
833,,nambah,tambah 
834,,nanya,tanya 
835,,napa,kenapa 
836,,napas,nafas 
837,,nape,kenapa 
838,,naq,anak
839,,nasgor,nasi goreng
840,,nax,anak
841,,nda,tidak
842,,ndak,tidak
843,,ndax,tidak
844,,ndk,tidak 
845,,negri,negeri 
846,,nelen,telan 
847,,nemenin,menemani 
848,,nemu,temu 
849,,nengok,tengok 
850,,ngabungin,menggabungkan
851,,ngadain,mengadakan 
852,,ngajak,mengajak 
854,,ngajar,ajar 
855,,ngak,tidak 
856,,ngakak,terbahak-bahak 
857,,ngambek,marah 
858,,ngambil,ambil 
859,,nganter,antar 
860,,nganterin,antar 
861,,ngarep,mengharap 
862,,ngarepinnya,mengharapkannya 
863,,ngasi,kasih 
864,,ngasih,kasih 
865,,ngegosip,gosip 
866,,ngehadepin,menghadapi 
867,,ngeliatin,melihat 
868,,ngeluh,keluh 
869,,ngerasa,merasa 
870,,ngerasain,merasakan 
871,,ngerjain,mengerjakan 
872,,ngerokok,merokok 
874,,ngetik,ketik 
875,,ngga,tidak 
877,,nggak,tidak 
879,,nggax,tidak
880,,nggesek,menggesek
881,,nggk,tidak 
882,,nggosok,menggosok
883,,ngibul,berbohong
884,,ngidam,idam 
885,,ngikutin,ikuti 
886,,ngilangin,menghilangkan 
887,,nginep,menginap 
888,,ngingetin,mengingatkan 
889,,ngjk,mengajak 
890,,ngk,tidak 
891,,ngmbl,mengambil 
892,,ngmg,omong 
893,,ngmng,berbicara 
894,,ngmpl,berkumpul 
895,,ngmps,ke kampus
896,,ngntk,mengantuk 
897,,ngntr,ke kantor
898,,ngobatin,obati 
899,,ngobrol,bicara 
900,,ngomong,bicara 
901,,ngomongin,membicarakan 
902,,ngrasain,merasakan 
903,,ngundurin,mengundurkan 
904,,ngunyah,kunyah 
905,,ngurus,urus 
906,,ni,ini 
907,,nich,ini
908,,ninggalin,tinggalkan 
909,,nmbh,tambah 
910,,nmny,namanya 
911,,nmpk,nampak 
912,,nmr,nomor 
913,,nnti,nanti 
914,,nntn,nonton 
916,,nnton,nonton 
917,,nolak,tolak 
918,,nraktir,traktir 
919,,ntah,entah 
920,,ntap,mantap
921,,ntar,nanti 
922,,nti,nanti 
923,,ntn,nonton 
925,,nton,nonton 
926,,ntr,nanti 
927,,ntu,itu 
928,,nungguin,tunggu 
929,,nyakiti,menyakiti 
930,,nyakitin,menyakiti 
931,,nyalain,nyalakan 
932,,nyampe,sampai 
933,,nyangka,sangka 
934,,nyantai,santai 
935,,nyari,cari 
936,,nyebelin,menyebalkan 
937,,nyeremin,menyeramkan 
938,,nyesek,sesak 
939,,nyesel,menyesal 
940,,nyetel,setel 
941,,nyiksa,menyiksa 
942,,nyoba,coba 
943,,nyobain,coba 
944,,nyuci,cuci 
945,,nyukur,cukur 
946,,nyuruh,suruh 
947,,nyusul,susul 
948,,oc,oke
949,,oce,oke
950,,ohh,oh
951,,ok,oke
952,,okedech,oke
953,,okedeh,oke
954,,okeh,baik 
956,,okz,oke
957,,ol,online 
958,,org,orang 
960,,org2,orang-orang 
961,,orng,orang 
962,,ortu,orangtua 
963,,ouch,oh
964,,ouh,oh
965,,owh,oh
966,,pait,pahit 
967,,pake,pakai 
968,,pakek,pakai 
969,,pantesan,pantas 
970,,pasutri,pasangan suami istri
971,,paz,pas
972,,pcr,pacar 
973,,pcrn,pacaran 
974,,pcrny,pacarnya 
975,,pd,pada 
976,,pdahal,padahal 
977,,pdhal,padahal 
978,,pdhl,padahal 
979,,pedes,pedas 
980,,pegi,pergi 
981,,pengen,ingin
982,,penghianat,pengkhianat 
983,,pengin,ingin 
985,,pesen,pesan 
986,,pg,pergi 
987,,pgen,ingin 
988,,pgn,ingin 
990,,pilem,film 
991,,pingin,ingin 
992,,pinjem,pinjam 
993,,pinter,pintar 
994,,pkai,pakai 
995,,pke,pakai 
996,,plg,pulang 
997,,plis,tolong 
998,,pljrn,pelajaran 
999,,plng,pulang 
1000,,pmpuan,perempuan 
1001,,pndh,pindah 
1002,,pngen,ingin 
1003,,pngn,ingin 
1004,,pnjng,panjang 
1005,,pnting,penting 
1006,,pntng,penting 
1007,,pny,punya 
1008,,pnya,punya 
1009,,pokonya,pokoknya 
1010,,praktek,praktik 
1011,,prasaan,perasaan 
1012,,prgi,pergi 
1013,,prmhn,perumahan 
1014,,prmptn,perempatan 
1015,,prnah,pernah 
1016,,prnh,pernah 
1017,,prthnkn,pertahankan 
1018,,psg,pasang 
1019,,psng,pasang 
1020,,psr,pasar 
1021,,psti,pasti 
1023,,ptg,penting 
1024,,punye,punya 
1025,,puter,putar 
1026,,puterin,putar 
1027,,pzt,pasti
1028,,q,saya
1029,,qaqa,kakak
1030,,qq,kakak
1031,,qt,kita 
1032,,qta,kita 
1033,,rada,agak 
1034,,rame,ramai 
1035,,rame2,ramai-ramai 
1036,,rasane,rasanya 
1037,,rb,ribu 
1038,,rmbt,rambut 
1039,,rmh,rumah 
1041,,rmhq,rumahku 
1042,,rsk,rusak 
1043,,sabeb,bebas
1044,,sabi,bisa
1045,,saje,saja 
1046,,salfok,salah fokus
1047,,saltum,salah kostum
1048,,sambel,sambal 
1049,,samo,sama 
1050,,sampe,sampai
1051,,sans,santai 
1052,,sape,siapa 
1053,,sateny,satenya 
1054,,sbg,sebagai 
1055,,sbl,sebelah 
1056,,sblh,sebelah 
1057,,sblhny,sebelahnya 
1058,,sblm,sebelum 
1059,,sblmny,sebelumnya 
1060,,sbnr,sebenarnya 
1061,,sbnrny,sebenarnya 
1062,,sbnrnya,sebenarnya 
1063,,sbnt,sebentar 
1064,,sbntr,sebentar 
1065,,sbr,sabar 
1066,,sbtr,sebentar 
1067,,scr,secara 
1068,,sdah,sudah 
1069,,sdg,sedang 
1070,,sdgkn,sedangkan 
1071,,sdh,sudah 
1073,,sdng,sedang 
1074,,sdngkn,sedangkan 
1075,,sebel,kesal 
1076,,sebenernya,sebenarnya 
1077,,sekola,sekolah 
1078,,selaw,santai
1079,,selow,sebentar 
1081,,semalem,semalam 
1082,,sembuhin,sembuhkan 
1083,,senen,senin 
1084,,seneng,senang 
1085,,serem,seram 
1086,,sesek,sesak
1087,,seterah,terserah 
1088,,sgala,segala 
1089,,sgini,segini 
1090,,sgitu,segitu 
1091,,sgt,sangat 
1092,,shap,siap
1093,,shaps,siap
1094,,shbt,sahabat 
1095,,shiet,tahi 
1096,,shit,tahi 
1097,,sihat,sehat 
1098,,sja,saja 
1099,,skali,sekali 
1100,,skalian,sekalian 
1101,,skit,sakit 
1102,,sklh,sekolah 
1103,,skola,sekolah 
1104,,skolah,sekolah 
1105,,skr,sekarang 
1106,,skrang,sekarang 
1107,,skrg,sekarang 
1108,,skrng,sekarang 
1109,,skt,sakit 
1110,,slah,salah 
1111,,slalu,selalu 
1112,,slamat,selamat 
1113,,slesai,selesai 
1114,,slg,saling 
1115,,slh,salah 
1116,,slhkn,salahkan 
1117,,sllu,selalu 
1118,,slm,salam 
1119,,slmt,selamat 
1120,,sls,selesai 
1121,,sm,sama 
1122,,smangat,semangat 
1123,,smbg,sambung 
1124,,smbh,sembuh 
1125,,smbhyg,sembahyang 
1126,,smbil,sambil 
1127,,smbl,sambil 
1128,,smbng,sambung 
1129,,smbrg,sembarang 
1130,,smbuh,sembuh 
1131,,smcm,semacam 
1132,,smg,semoga 
1133,,smga,semoga 
1134,,smgt,semangat 
1135,,smlm,semalam 
1136,,smlmn,semalaman 
1137,,smngt,semangat 
1138,,smntr,sementara 
1139,,smoga,semoga 
1140,,smpai,sampai 
1141,,smpe,sampai 
1142,,smpt,sempat 
1143,,smua,semua 
1144,,smuanya,semuanya 
1145,,sndiri,sendiri 
1146,,sndri,sendiri 
1147,,sngt,sangat 
1148,,sni,sini 
1149,,snyum,senyum 
1150,,soale,soalnya 
1151,,sodara,saudara 
1152,,sopo,siapa 
1153,,sorang,seorang 
1154,,sory,maaf 
1155,,sperti,seperti 
1156,,spnjng,sepanjang 
1157,,sprt,seperti 
1158,,sprtny,sepertinya 
1159,,spt,seperti 
1160,,sptny,sepertinya 
1161,,spy,supaya 
1162,,srg,sering 
1163,,sseorg,seseorang 
1164,,stelah,setelah 
1165,,stgh,setengah 
1166,,stiap,setiap 
1167,,stlh,setelah 
1168,,stngh,setengah 
1169,,sudh,sudah 
1170,,sy,saya 
1171,,sya,saya 
1172,,syantik,cantik
1173,,syg,sayang 
1174,,sygku,sayangku 
1175,,sygny,sayangnya 
1176,,syipp,sip
1177,,syng,sayang 
1178,,syp,siapa
1179,,tai,tahi 
1180,,tau,tahu 
1182,,tauk,tahu
1183,,taunya,tahunya 
1184,,td,tadu 
1185,,tdi,tadi 
1186,,tdk,tidak 
1188,,tdny,tadinya 
1189,,tdr,tidur 
1190,,tdur,tidur 
1191,,telor,telur 
1192,,telp,telepon
1193,,telpon,telepon 
1194,,temen,teman 
1195,,temen2,teman-teman 
1196,,temenin,temani 
1197,,tercyduk,terciduk
1198,,teriakk,teriak 
1199,,teros,terus 
1200,,tetep,tetap 
1201,,tgannya,tangannya 
1202,,tggu,tunggu 
1203,,tgh,tengah 
1204,,tgl,tanggal 
1206,,tgn,tangan 
1207,,tgs,tugas 
1208,,thd,terhadap 
1209,,thdp,terhadap 
1210,,thks,terima kasih
1211,,thn,tahun 
1212,,thnx,terima kasih
1213,,thx,terima kasih
1214,,tida,tidak 
1215,,tipi,tv 
1217,,tkut,tsayat 
1218,,tlg,tolong 
1219,,tlh,telah 
1220,,tlng,tolong 
1221,,tlp,telepon 
1222,,tlpn,telepon 
1223,,tamvan,tampan
1224,,tmbah,tambah 
1225,,tmbh,tambah 
1226,,tmen,teman 
1227,,tmn,teman 
1228,,tmpat,tempat 
1229,,tmpt,tempat 
1230,,tmsk,termasuk 
1231,,tnp,tanpa 
1232,,tnpa,tanpa 
1233,,tny,ternyata 
1234,,tnya,tanya 
1235,,tnyt,ternyata 
1236,,tp,tapi 
1238,,tpi,tapi 
1239,,tq,terima kasih
1240,,trdpt,terdapat 
1241,,trgntng,tergantung 
1242,,trims,terima kasih
1243,,trimz,terima kasih
1244,,trjadi,terjadi 
1245,,trkdng,terkadang 
1246,,trkhr,terakhir 
1247,,trlalu,terlalu 
1248,,trmksh,terima kasih
1249,,trmsk,termasuk 
1250,,trnsfr,transfer 
1251,,trnyata,ternyata 
1252,,trnyt,ternyata 
1253,,trs,terus 
1254,,trsrh,terserah 
1255,,trus,terus 
1256,,tsadeest,sadis
1257,,tsb,tersebut 
1258,,tsbt,tersebut 
1259,,ttep,tetap 
1260,,ttg,tentang 
1261,,ttp,tetap 
1262,,tu,itu 
1263,,tuch,itu
1264,,tukeran,tukar 
1265,,tumben,tidak biasa
1266,,tw,tahu 
1268,,u,kamu
1269,,ubat,obat 
1270,,ud,sudah 
1271,,uda,sudah 
1272,,udah,sudah 
1274,,udd,sudah
1275,,udeh,sudah 
1276,,udh,sudah 
1278,,uga,juga
1279,,ujan2an,hujan-hujanan 
1280,,untk,untuk 
1281,,utk,untuk 
1282,,von,telepon
1283,,w,saya
1284,,wa,saya
1285,,wad,buat
1286,,waduh,aduh 
1287,,wanjir,anjir 
1288,,wat,buat
1289,,wht,apa 
1290,,wkt,waktu 
1291,,wktu,waktu 
1292,,yaini,ya ini
1293,,yank,sayang 
1295,,yap,ya
1296,,yaudh,ya sudah
1297,,yaw,ya
1298,,yawda,ya sudah
1299,,yela,yailah 
1300,,yelah,yailah 
1301,,yg,yang 
1302,,yng,yang 
1303,,yodah,ya sudah
1304,,yoi,iya
1305,,yup,ya 
1306,,yups,ya
1307,,yupz,ya
1308,,ywdh,ya sudah
1309,,sbgmn,sebagaimana
1310,,btw,by the way
1312,,lol,laugh out loud
1313,,nnt,nanti
1314,,otw,on the way
1315,,pls,please
1316,,ppl,people
1329,,trmks,terima kasih
1332,,cuma,hanya
1346,,pas,waktu
1354,,wkwk,haha
1355,,xixixi,haha
1371,,pntg,penting
1374,,sj,saja
1377,,sdkt,sedikit
1380,,ktm,katanya
1382,,smp,selama
1385,,brkt,berangkat
1390,,sng,senang
1393,,trj,terjadi
1396,,psn,pesan
1397,,shrs,seharusnya
1401,,brng,barang
1402,,sg,segala
1405,,smt,biasa
1406,,ny,nyanyi
1408,,drpda,daripada
1409,,ngg,tidak
1416,,lht,lihat
1417,,ltg,lantai
1418,,mksi,makasi
1421,,pmn,pemain
1422,,prbl,perubahan
1424,,sktr,sekitar
1427,,sp,siapa
1430,,trima,terima
1431,,asap,secepatnya
1432,,brb,segera kembali
1436,,ikut,ikuti
1437,,ikutin,ikuti
1438,,kejap,sebentar
1439,,lns,langsung
1443,,oke,baiklah
1444,,oy,hai
1445,,smt pagi,selamat pagi
1447,,sore,selamat sore
1448,,sori,maaf
1449,,afk,away from keyboard
1450,,alham,alhamdulillah
1451,,bbm,blackberry messenger
1456,,dtr,datang
1457,,dulu,sebelumnya
1459,,grt,gratis
1462,,ht,kesehatan
1463,,idk,I don't know
1464,,ik,ikut
1465,,iyaa,iya
1467,,kapann,kapan
1468,,kenapaa,kenapa
1470,,pndk,pendek
1471,,sbk,sebab
1472,,sll,selalu
1473,,sngguh,benar-benar
1474,,sny,senyum
1475,,spd,sepeda
1476,,srta,serta
1477,,tdak,tidak
1479,,trm,terima
1480,,wlpn,walaupun
1481,,ya,iya
1482,,br,baru
1489,,mks,makasih
1493,,trkdg,terkadang
1496,,dp,depan
1497,,drm,dream
1499,,mnrk,menarik
1500,,nt,kata
1503,,ttd,tanda tangan
1508,,sbab,sebab
1515,,smngat,semangat
1519,,akn,akan
1520,,bb,balas
1523,,cmiiw,correct me if I'm wrong
1526,,gbs,gak bisa
1527,,ig,instagram
1528,,no,tidak
1529,,pnt,penat
1530,,sllh,salah
1531,,sllhkn,salahkan
1532,,sllhn,silahkan
1533,,wkwj,tertawa
1534,,yuk,ayo
1535,,wkwk,tertawa
1536,,wkwkwk,tertawa
1537,,wkwkwkwk,tertawa
1538,,wkwkwkwkwk,tertawa
1539,,ni,ini
1540,,be fun,bersenang-senang
1541,,be happy,bersenang-senang
1542,,be nice,bersenang-senang
1543,,haha,tertawa
1544,,hahaha,tertawa
1545,,manaa,mana
1546,,lahh,lah
1547,,mmngnya,memangnya
1548,,mna,mana
1549,,bnaget,banget
1550,,pliss,tolong
1551,,plisss,tolong
1552,,ternyta,ternyata
1553,,kene,kena
1554,,anjimm,anjing
1555,,anjingg,anjing
1556,,anjir,anjing
1557,,anjrit,anjing
1558,,anjrittt,anjing
1559,,tyhan,tuhan
1560,,tuhann,tuhan
1561,,yoo,ayo
1562,,yow,ayo
1563,,prik,Freak
1564,,anjrott,anjing
1565,,anjay,anjing
1566,,mlu,mulu
1567,,molo,malu
1568,,gov,goverment
1569,,goverment,government
1570,,cok,jancok
1571,,jancokk,jancok
1572,,elu,kamu
1573,,lo,kamu
1574,,lu,kamu
1575,,anjim,anjing
1576,,ajgg,anjing
1577,,jamam,jaman